{
    "plugins": [
        "mobi.monaca.plugins.Monaca",
        "org.apache.cordova.splashscreen"
    ],
    "framework_version": "3.5",
    "xcode_version": "6",
    "cordova_version": "4.1",
    "plugin_settings": [],
    "title-ja": "NCMBma_handson",
    "title-en": "",
    "description-ja": "",
    "description-en": "",
    "category": "User Template",
    "platform": [
        "android",
        "ios",
        "winrt",
        "chrome"
    ],
    "name": "generated-1437040243-559a5c257e2193f52964d64b"
}